--------------
/* Jared Stevens */

    /* enable warnings! */

use   a_vets
--------------

Query OK, 0 rows affected (0.00 sec)

--------------
/*  TASK 00 */ 
select user(), current_date(), version(), @@sql_mode
--------------

*************************** 1. row ***************************
        user(): jared@localhost
current_date(): 2015-09-22
     version(): 5.6.26-log
    @@sql_mode: STRICT_TRANS_TABLES,NO_AUTO_CREATE_USER,NO_ENGINE_SUBSTITUTION
1 row in set (0.00 sec)

--------------
/*  TASK 01 */

select cl_id
, cl_name_last
, coalesce(cl_name_first, '')
, coalesce(cl_phone, "No phone number")
from a_vets.vt_clients
--------------

+--------+--------------+-----------------------------+---------------------------------------+
| cl_id  | cl_name_last | coalesce(cl_name_first, '') | coalesce(cl_phone, "No phone number") |
+--------+--------------+-----------------------------+---------------------------------------+
|    411 | Carter       | James                       | 510.258.4546                          |
|   1825 | Harris       | Eddie                       | No phone number                       |
|   1852 | Dalrymple    | Jack                        | 701.328.2725                          |
|   3423 | Hawkins      | Coleman                     | 937.258.5645                          |
|   3560 | Monk         | Theo                        | 212.582.6245                          |
|   4534 | Montgomery   | Wes                         | No phone number                       |
|   5686 | Biederbecke  |                             | 217.239.6945                          |
|   5689 | Biederbecke  |                             | 415.239.6945                          |
|   5698 | Biederbecke  | Sue                         | 217.239.6875                          |
|   5699 | Biederbecke  | Sam                         | 415.239.6875                          |
|   6897 | Drake        | Donald                      | No phone number                       |
|   7152 | Brubeck      | Dave                        | 258.257.2727                          |
|   7212 | Davis        | Donald                      | No phone number                       |
|  25479 | Boston       | Edger                       | No phone number                       |
| 408763 | Turrentine   | Stanley                     | 619.231.1515                          |
+--------+--------------+-----------------------------+---------------------------------------+
15 rows in set (0.00 sec)

--------------
/*  TASK 02 */

select 
concat(an_id, ": ", an_type, " Named ", coalesce(an_name, "no name")) as Animal
from a_vets.vt_animals
--------------

+----------------------------------+
| Animal                           |
+----------------------------------+
| 10002: cat Named Gutsy           |
| 11015: bird Named Kenny          |
| 11025: bird Named no name        |
| 11029: bird Named no name        |
| 12035: bird Named Mr Peanut      |
| 12038: porcupine Named Gutsy     |
| 15001: chelonian Named Big Mike  |
| 15002: chelonian Named George    |
| 15165: dog Named Burgess         |
| 15401: lizard Named Pinkie       |
| 16002: porcupine Named Fritz     |
| 16003: cat Named Ursula          |
| 16004: cat Named Napper          |
| 16043: dog Named Ursula          |
| 16044: dog Named Triton          |
| 17002: porcupine Named Fritzchen |
| 17025: lizard Named 25           |
| 17026: lizard Named 3P#_26       |
| 17027: lizard Named 3P#_25       |
| 19845: dog Named Pinkie          |
| 21001: hedgehog Named Yoggie     |
| 21002: hedgehog Named Edger      |
| 21003: dog Named Calvin Coolidge |
| 21004: snake Named Gutsy         |
| 21005: dormouse Named Koshka     |
| 21006: hamster Named Koshka      |
| 21007: snake Named no name       |
| 21205: dog Named Manfried        |
| 21305: dog Named Spot            |
| 21306: dog Named Shadow          |
| 21307: dog Named Buddy           |
| 21314: cat Named Adalwine        |
| 21315: cat Named Baldric         |
| 21316: cat Named Etta            |
| 21317: cat Named Manfried        |
| 21318: cat Named Waldrom         |
| 21320: olinguito Named Morris    |
| 21321: olinguito Named Morton    |
+----------------------------------+
38 rows in set (0.00 sec)

--------------
/*  TASK 03 */

select cl_id
, concat(cl_name_last, ifnull(concat(", ", cl_name_first), "")) as "Client Name"
from a_vets.vt_clients
--------------

+--------+---------------------+
| cl_id  | Client Name         |
+--------+---------------------+
|    411 | Carter, James       |
|   1825 | Harris, Eddie       |
|   1852 | Dalrymple, Jack     |
|   3423 | Hawkins, Coleman    |
|   3560 | Monk, Theo          |
|   4534 | Montgomery, Wes     |
|   5686 | Biederbecke         |
|   5689 | Biederbecke         |
|   5698 | Biederbecke, Sue    |
|   5699 | Biederbecke, Sam    |
|   6897 | Drake, Donald       |
|   7152 | Brubeck, Dave       |
|   7212 | Davis, Donald       |
|  25479 | Boston, Edger       |
| 408763 | Turrentine, Stanley |
+--------+---------------------+
15 rows in set (0.00 sec)

--------------
/*  TASK 04 */

select srv_id
, format(srv_list_price, 2) as "List price"
, format(round(srv_list_price, -1), 2) as "Nearest $10"
, format(ceil(srv_list_price), 2) as "Top Dollar"
from a_vets.vt_services
--------------

+--------+------------+-------------+------------+
| srv_id | List price | Nearest $10 | Top Dollar |
+--------+------------+-------------+------------+
|    101 | 50.00      | 50.00       | 50.00      |
|    102 | 45.00      | 50.00       | 45.00      |
|    104 | 60.00      | 60.00       | 60.00      |
|    105 | 80.00      | 80.00       | 80.00      |
|    106 | 75.00      | 80.00       | 75.00      |
|    108 | 80.00      | 80.00       | 80.00      |
|    110 | 100.00     | 100.00      | 100.00     |
|    225 | 75.00      | 80.00       | 75.00      |
|    306 | 32.00      | 30.00       | 32.00      |
|    308 | 45.00      | 50.00       | 45.00      |
|    341 | 25.00      | 30.00       | 25.00      |
|    398 | 35.00      | 40.00       | 35.00      |
|    400 | 10.50      | 10.00       | 11.00      |
|    523 | 60.00      | 60.00       | 60.00      |
|    524 | 25.00      | 30.00       | 25.00      |
|    551 | 35.50      | 40.00       | 36.00      |
|    552 | 25.15      | 30.00       | 26.00      |
|    553 | 25.85      | 30.00       | 26.00      |
|    602 | 222.00     | 220.00      | 222.00     |
|    603 | 78.00      | 80.00       | 78.00      |
|    604 | 109.00     | 110.00      | 109.00     |
|    605 | 535.00     | 540.00      | 535.00     |
|    606 | 40.00      | 40.00       | 40.00      |
|    607 | 57.00      | 60.00       | 57.00      |
|    612 | 25.91      | 30.00       | 26.00      |
|    613 | 47.00      | 50.00       | 47.00      |
|    615 | 78.30      | 80.00       | 79.00      |
|    625 | 155.00     | 160.00      | 155.00     |
|    687 | 45.99      | 50.00       | 46.00      |
|    748 | 29.50      | 30.00       | 30.00      |
|    749 | 29.50      | 30.00       | 30.00      |
|   1002 | 25.33      | 30.00       | 26.00      |
|   1003 | 26.00      | 30.00       | 26.00      |
|   4601 | 275.00     | 280.00      | 275.00     |
+--------+------------+-------------+------------+
34 rows in set (0.00 sec)

--------------
/*  TASK 05 */

select *
from a_vets.vt_services
where srv_desc RegExp 'Feline'
and srv_desc not regexp 'dental'
--------------

+--------+----------------+--------------------------------------------+--------------+
| srv_id | srv_list_price | srv_desc                                   | srv_type     |
+--------+----------------+--------------------------------------------+--------------+
|    108 |          80.00 | Routine Exam-Feline                        | office visit |
|    225 |          75.00 | Feline PCR Series                          | medicine     |
|    308 |          45.00 | Followup Exam-Feline                       | office visit |
|    551 |          35.50 | First Feline PCR                           | medicine     |
|    552 |          25.15 | Second Feline PCR                          | medicine     |
|    553 |          25.85 | Third Feline PCR                           | medicine     |
|   4601 |         275.00 | Feline Behaviour Modification Consultation | treatment    |
+--------+----------------+--------------------------------------------+--------------+
7 rows in set (0.00 sec)

--------------
/*  TASK 06 */

select ex_id
, ex_date as "Examdate 1"
, cast(ex_date as date) as "Examdate 2"
, date_format(ex_date, '%Y-%m-%d') as "Examdate 3"
, date_format(ex_date, '%M %D %Y') as "Examdate 4"
from a_vets.vt_exam_headers
--------------

+-------+---------------------+------------+------------+--------------------+
| ex_id | Examdate 1          | Examdate 2 | Examdate 3 | Examdate 4         |
+-------+---------------------+------------+------------+--------------------+
|  3001 | 2014-10-24 10:45:00 | 2014-10-24 | 2014-10-24 | October 24th 2014  |
|  3010 | 2014-10-22 10:45:00 | 2014-10-22 | 2014-10-22 | October 22nd 2014  |
|  3104 | 2015-01-09 16:30:00 | 2015-01-09 | 2015-01-09 | January 9th 2015   |
|  3105 | 2014-10-10 09:15:00 | 2014-10-10 | 2014-10-10 | October 10th 2014  |
|  3202 | 2014-10-03 14:30:00 | 2014-10-03 | 2014-10-03 | October 3rd 2014   |
|  3203 | 2014-11-03 14:30:00 | 2014-11-03 | 2014-11-03 | November 3rd 2014  |
|  3282 | 2014-11-23 10:30:00 | 2014-11-23 | 2014-11-23 | November 23rd 2014 |
|  3288 | 2015-01-31 09:00:00 | 2015-01-31 | 2015-01-31 | January 31st 2015  |
|  3304 | 2014-11-06 10:30:00 | 2014-11-06 | 2014-11-06 | November 6th 2014  |
|  3306 | 2014-11-06 10:45:00 | 2014-11-06 | 2014-11-06 | November 6th 2014  |
|  3321 | 2015-02-17 10:45:00 | 2015-02-17 | 2015-02-17 | February 17th 2015 |
|  3322 | 2015-02-10 09:15:00 | 2015-02-10 | 2015-02-10 | February 10th 2015 |
|  3323 | 2015-02-25 14:30:00 | 2015-02-25 | 2015-02-25 | February 25th 2015 |
|  3324 | 2015-02-25 10:45:00 | 2015-02-25 | 2015-02-25 | February 25th 2015 |
|  3325 | 2015-01-15 10:45:00 | 2015-01-15 | 2015-01-15 | January 15th 2015  |
|  3390 | 2014-11-22 09:00:00 | 2014-11-22 | 2014-11-22 | November 22nd 2014 |
|  3392 | 2014-12-26 09:30:00 | 2014-12-26 | 2014-12-26 | December 26th 2014 |
|  3393 | 2014-12-23 12:15:00 | 2014-12-23 | 2014-12-23 | December 23rd 2014 |
|  3409 | 2014-12-27 10:45:00 | 2014-12-27 | 2014-12-27 | December 27th 2014 |
|  3411 | 2014-12-29 14:00:00 | 2014-12-29 | 2014-12-29 | December 29th 2014 |
|  3412 | 2014-12-30 14:30:00 | 2014-12-30 | 2014-12-30 | December 30th 2014 |
|  3413 | 2014-12-01 16:30:00 | 2014-12-01 | 2014-12-01 | December 1st 2014  |
|  3420 | 2015-01-01 16:30:00 | 2015-01-01 | 2015-01-01 | January 1st 2015   |
|  3486 | 2014-12-31 13:00:00 | 2014-12-31 | 2014-12-31 | December 31st 2014 |
|  3494 | 2015-01-22 09:00:00 | 2015-01-22 | 2015-01-22 | January 22nd 2015  |
|  3513 | 2014-11-06 10:30:00 | 2014-11-06 | 2014-11-06 | November 6th 2014  |
|  3514 | 2014-11-10 10:45:00 | 2014-11-10 | 2014-11-10 | November 10th 2014 |
|  3552 | 2014-11-10 10:30:00 | 2014-11-10 | 2014-11-10 | November 10th 2014 |
|  3612 | 2014-12-23 08:30:00 | 2014-12-23 | 2014-12-23 | December 23rd 2014 |
|  4101 | 2015-01-02 13:00:00 | 2015-01-02 | 2015-01-02 | January 2nd 2015   |
|  4102 | 2015-01-08 13:00:00 | 2015-01-08 | 2015-01-08 | January 8th 2015   |
|  4103 | 2015-01-08 15:30:00 | 2015-01-08 | 2015-01-08 | January 8th 2015   |
|  4203 | 2015-08-03 14:30:00 | 2015-08-03 | 2015-08-03 | August 3rd 2015    |
|  4233 | 2015-09-03 14:30:00 | 2015-09-03 | 2015-09-03 | September 3rd 2015 |
|  4243 | 2015-06-08 15:30:00 | 2015-06-08 | 2015-06-08 | June 8th 2015      |
|  4255 | 2015-07-08 15:30:00 | 2015-07-08 | 2015-07-08 | July 8th 2015      |
|  4282 | 2015-08-23 10:30:00 | 2015-08-23 | 2015-08-23 | August 23rd 2015   |
|  4514 | 2015-08-10 10:45:00 | 2015-08-10 | 2015-08-10 | August 10th 2015   |
|  4612 | 2015-07-23 08:30:00 | 2015-07-23 | 2015-07-23 | July 23rd 2015     |
+-------+---------------------+------------+------------+--------------------+
39 rows in set (0.00 sec)

--------------
/*  TASK 07 */

select eh.an_id
, an.an_name
from a_vets.vt_exam_headers eh
join a_vets.vt_animals an using(an_id)
where (date_format(ex_date, '%m') regexp '[1-6]')
and (date_format(ex_date, '%Y') regexp '2015')
--------------

+-------+-----------+
| an_id | an_name   |
+-------+-----------+
| 12035 | Mr Peanut |
| 15001 | Big Mike  |
| 15001 | Big Mike  |
| 15001 | Big Mike  |
| 15002 | George    |
| 16002 | Fritz     |
| 16002 | Fritz     |
| 16002 | Fritz     |
| 16002 | Fritz     |
| 16002 | Fritz     |
| 16003 | Ursula    |
| 17025 | 25        |
| 17026 | 3P#_26    |
+-------+-----------+
13 rows in set (0.00 sec)

--------------
/*  TASK 08 */

select an.an_id
, an.an_name
from a_vets.vt_animals an
join a_vets.vt_exam_headers eh using (an_id)
where (date_format(ex_date, '%Y') = date_format(current_date, '%Y'))
and date_format(ex_date, '%m') = ((date_format(current_date, '%m')) -1)
--------------

+-------+---------+
| an_id | an_name |
+-------+---------+
| 15002 | George  |
| 16002 | Fritz   |
| 21001 | Yoggie  |
+-------+---------+
3 rows in set (0.00 sec)

--------------
/*  TASK 09 */

select an.an_id
, an.an_name
, eh.ex_date
from a_vets.vt_animals an
join a_vets.vt_exam_headers eh using (an_id)
where (date_format(ex_date, '%d') regexp '30')
or (date_format(ex_date, '%d') regexp '31')
--------------

+-------+----------+---------------------+
| an_id | an_name  | ex_date             |
+-------+----------+---------------------+
| 15001 | Big Mike | 2015-01-31 09:00:00 |
| 17025 | 25       | 2014-12-30 14:30:00 |
| 21005 | Koshka   | 2014-12-31 13:00:00 |
+-------+----------+---------------------+
3 rows in set (0.00 sec)

--------------
/*  TASK 10 */

set @ran_var = floor(rand() * 76) +75
--------------

Query OK, 0 rows affected (0.00 sec)

--------------
select @ran_var
--------------

+----------+
| @ran_var |
+----------+
|      127 |
+----------+
1 row in set (0.00 sec)

--------------
select ex_id as 'Exam ID'
, srv_id as 'Service ID'
, ex_fee as 'Fee Due'
from a_vets.vt_exam_details
where ex_fee > @ran_var
--------------

+---------+------------+---------+
| Exam ID | Service ID | Fee Due |
+---------+------------+---------+
|    3010 |        605 |  535.00 |
|    3105 |        110 |  150.00 |
|    3486 |       4601 |  275.00 |
|    3612 |        602 |  222.00 |
|    3612 |        625 |  155.00 |
|    4103 |       4601 |  275.00 |
|    4243 |       4601 |  275.00 |
|    4255 |       4601 |  275.00 |
|    4612 |        602 |  222.00 |
+---------+------------+---------+
9 rows in set (0.00 sec)

Bye
